{
    "C": 219.57965087890625,
    "k01": 0.03773456811904907,
    "k10": 0.011781525798141956,
    "q0": -4.966103553771973,
    "q1": -5.351535320281982,
    "h_base_0": 3.813741683959961,
    "h_base_1": 4.038115501403809,
    "h_active_0": 5.041473865509033,
    "h_active_1": 6.470044136047363,
    "T_thresh_0": 70.07054901123047,
    "T_thresh_1": 65.5556869506836,
    "beta_0": 0.38549402356147766,
    "beta_1": 0.3234771192073822
}