{
    "C": 147.50096130371094,
    "k01": 0.0694676861166954,
    "k10": 0.024728501215577126,
    "q0": -0.6789798736572266,
    "q1": -0.6761465072631836,
    "h_base_0": 2.180311441421509,
    "h_base_1": 2.1794168949127197,
    "h_active_0": 8.664300918579102,
    "h_active_1": 8.797501564025879,
    "T_thresh_0": 63.60883331298828,
    "T_thresh_1": 63.52263259887695,
    "beta_0": 0.45449018478393555,
    "beta_1": 0.45462745428085327
}