Epoch,Train_Loss_Total,Train_Loss_Data,Train_Loss_Phys,Val_Loss_Total,Val_Loss_Data,Val_Loss_Phys,Lambda_Data,Lambda_Phys,C0,C1,h0,h1,k01,k10,q0,q1
1,3586.4060346813894,0.004854588216226859,3586.9014381000693,968.7729285547733,0.001334826072540472,968.9049440013875,1.0001376300711695,0.9998623699288317,132.7321014404297,128.23411560058594,5.246136665344238,5.822402000427246,0.07544143497943878,0.02746581844985485,14.995100975036621,14.944246292114258
2,1398.6607755825758,0.001924657906223613,1398.845429524898,1637.1976421932666,0.002241113070358536,1637.2343039024283,1.0000237613366583,0.9999762386633413,129.8526153564453,126.65058135986328,5.324693202972412,5.897632598876953,0.07432568073272705,0.027036748826503754,14.993021011352539,14.936873435974121
3,1061.4152243097512,0.0014772730576004234,1061.4820158788696,1203.998406119941,0.00165793722595628,1203.9797908074652,0.9999859155454884,1.0000140844545131,129.16705322265625,126.32788848876953,5.346548080444336,5.916778564453125,0.0735357329249382,0.02676074393093586,14.996465682983398,14.93814754486084
4,885.0606361231512,0.0012513336900258508,885.0777818583443,501.36695882406923,0.0007202455845382443,501.4138236018045,1.0000949018344376,0.9999050981655627,128.98245239257812,126.25493621826172,5.353792190551758,5.922512054443359,0.07300928980112076,0.02657489664852619,14.998635292053223,14.930010795593262
