{
    "C_die_0": 8.932404518127441,
    "C_die_1": 8.870683670043945,
    "C_sink_0": 4713.5888671875,
    "C_sink_1": 4831.154296875,
    "R_paste_0": 0.03658164292573929,
    "R_paste_1": 0.033572204411029816,
    "k01": 0.01670851558446884,
    "k10": 0.002835234859958291,
    "q0": -8.92023754119873,
    "q1": -8.94283390045166,
    "h_base_0": 3.979130983352661,
    "h_base_1": 4.761749267578125,
    "h_active_0": 20.911367416381836,
    "h_active_1": 19.817806243896484,
    "T_thresh_0": 70.25069427490234,
    "T_thresh_1": 67.51343536376953,
    "beta_0": 1.6688096523284912,
    "beta_1": 1.3350908756256104
}