{
    "C": 283.8769836425781,
    "h0": 5.105142593383789,
    "h1": 5.420070648193359,
    "k01": 0.0547201931476593,
    "k10": 0.007542538456618786,
    "q0": 4.923513412475586,
    "q1": 3.0158557891845703
}