{
    "C": 898.6181640625,
    "k01": 0.03505849838256836,
    "k10": 0.009912414476275444,
    "q0": -6.0980024337768555,
    "q1": -6.540699005126953,
    "h_base_0": 3.726935863494873,
    "h_base_1": 4.104286193847656,
    "h_active_0": 7.855618000030518,
    "h_active_1": 8.305994033813477,
    "T_thresh_0": 70.79946899414062,
    "T_thresh_1": 67.0,
    "beta_0": 0.633147656917572,
    "beta_1": 0.5076740980148315
}