{
    "C": 993.814208984375,
    "k01": 0.020761994644999504,
    "k10": 0.0037311639171093702,
    "q0": -8.840609550476074,
    "q1": -9.095373153686523,
    "h_base_0": 3.5401461124420166,
    "h_base_1": 3.9777796268463135,
    "h_active_0": 13.242743492126465,
    "h_active_1": 11.945466041564941,
    "T_thresh_0": 69.8415298461914,
    "T_thresh_1": 65.71501159667969,
    "beta_0": 1.3642160892486572,
    "beta_1": 1.1550407409667969
}